CityId,X,Y
0,316.836739061509,2202.34070733524
1,4377.40597216624,336.602082171235
2,3454.15819771172,2820.05301124811
3,4688.09929763477,2935.89805580997
4,1010.69695174829,3236.75098902635
5,2474.23087705802,1435.51465103355
6,1029.27779539904,2721.80095181828
7,3408.8876850978,199.585793110095
8,1304.00612486516,2657.4272464147
9,4211.52572520278,2294.59520756053
10,297.575457744177,1952.54848604431
